ROI number, volume, center of mass,Yeo-Krienen 7 networks,Yeo-Krienen 17 networks,HarvardOxford Subcortical,HarvardOxford Cortical,Jeulich Histological,MNI Structural,Talairach Daemon
1,105, (39.5;6.9;50.9),"[""Frontoparietal"": 0.68][""DorsalAttention"": 0.13][""None"": 0.11]","[""Control C"": 0.44][""None"": 0.29][""Control B"": 0.16]","[""Right Cerebral Cortex"": 0.87][""Right Cerebral White Matter"": 0.13]","[""Middle Frontal Gyrus"": 0.70][""Precentral Gyrus"": 0.23]","[""None"": 0.69][""GM Premotor cortex BA6 R"": 0.31]","[""Frontal Lobe"": 1.00]","[""Right Cerebrum.Frontal Lobe.Middle Frontal Gyrus.White Matter.*"": 0.40][""Right Cerebrum.Frontal Lobe.Middle Frontal Gyrus.Gray Matter.Brodmann area 6"": 0.32]"
2,209, (59.8;-30.5;25.8),"[""VentralAttention"": 0.57][""None"": 0.17][""Somatomotor"": 0.16]","[""Ventral attention"": 0.43][""None"": 0.20][""Somatomotor down"": 0.15][""Salience"": 0.12]","[""Right Cerebral Cortex"": 0.91]","[""Supramarginal Gyrus; anterior division"": 0.34][""Supramarginal Gyrus; posterior division"": 0.27][""Parietal Operculum Cortex"": 0.16][""Planum Temporale"": 0.12]","[""GM Inferior parietal lobule PF R"": 0.46][""GM Inferior parietal lobule PFcm R"": 0.14][""GM Secondary somatosensory cortex / Parietal operculum OP1 R"": 0.13]","[""Parietal Lobe"": 0.88][""Temporal Lobe"": 0.12]","[""Right Cerebrum.Parietal Lobe.Inferior Parietal Lobule.White Matter.*"": 0.27][""Right Cerebrum.Parietal Lobe.Inferior Parietal Lobule.Gray Matter.Brodmann area 40"": 0.16][""Right Cerebrum.Temporal Lobe.Superior Temporal Gyrus.White Matter.*"": 0.11]"
3,157, (-30.3;-87.0;16.7),"[""Visual"": 0.90]","[""Visual central"": 0.68][""Dorsal attention A"": 0.26]","[""Left Cerebral Cortex"": 0.81][""Left Cerebral White Matter"": 0.19]","[""Lateral Occipital Cortex; superior division"": 0.57][""Occipital Pole"": 0.34]","[""None"": 0.65][""GM Inferior parietal lobule PGp L"": 0.18][""GM Visual cortex V2 BA18 L"": 0.11]","[""Occipital Lobe"": 0.99]","[""Left Cerebrum.Occipital Lobe.Middle Occipital Gyrus.White Matter.*"": 0.54][""Left Cerebrum.Occipital Lobe.Cuneus.White Matter.*"": 0.11]"
4,249, (0.8;-52.4;-17.1),"[""None"": 1.00]","[""None"": 1.00]","[""None"": 0.88]","[""None"": 0.97]","[""None"": 1.00]","[""Cerebellum"": 0.99]","[""Left Cerebellum.Anterior Lobe.Culmen.Gray Matter.*"": 0.29][""Right Cerebellum.Anterior Lobe.Culmen.Gray Matter.*"": 0.26]"
5,217, (1.5;14.7;36.8),"[""VentralAttention"": 0.70][""None"": 0.19]","[""Ventral attention"": 0.42][""Salience"": 0.31][""None"": 0.25]","[""Left Cerebral Cortex"": 0.47][""Right Cerebral Cortex"": 0.36][""Right Cerebral White Matter"": 0.12]","[""Cingulate Gyrus; anterior division"": 0.53][""Paracingulate Gyrus"": 0.42]","[""None"": 0.59][""GM Premotor cortex BA6 R"": 0.14]","[""Frontal Lobe"": 0.94]","[""Left Cerebrum.Limbic Lobe.Cingulate Gyrus.White Matter.*"": 0.12][""Right Cerebrum.Limbic Lobe.Cingulate Gyrus.Gray Matter.Brodmann area 24"": 0.12][""Left Cerebrum.Limbic Lobe.Cingulate Gyrus.Gray Matter.Brodmann area 24"": 0.11]"
6,171, (30.4;0.8;-2.8),"[""None"": 0.71][""VentralAttention"": 0.29]","[""None"": 0.71][""Ventral attention"": 0.29]","[""Right Putamen"": 0.40][""Right Cerebral White Matter"": 0.33][""Right Cerebral Cortex"": 0.23]","[""None"": 0.68][""Insular Cortex"": 0.29]","[""None"": 0.63][""WM Inferior occipito-frontal fascicle R"": 0.16]","[""Putamen"": 0.52][""None"": 0.20][""Insula"": 0.17]","[""Right Cerebrum.Sub-lobar.Lentiform Nucleus.Gray Matter.Putamen"": 0.40][""Right Cerebrum.Sub-lobar.Extra-Nuclear.White Matter.*"": 0.33]"
7,192, (-39.4;19.7;0.1),"[""VentralAttention"": 0.38][""Default"": 0.33][""None"": 0.24]","[""Salience"": 0.33][""Default B"": 0.31][""None"": 0.27]","[""Left Cerebral Cortex"": 0.85][""Left Cerebral White Matter"": 0.15]","[""Insular Cortex"": 0.28][""Frontal Operculum Cortex"": 0.25][""Frontal Orbital Cortex"": 0.21]","[""None"": 0.76][""GM Broca's area BA44 L"": 0.16]","[""Frontal Lobe"": 0.56][""Insula"": 0.31]","[""Left Cerebrum.Frontal Lobe.Inferior Frontal Gyrus.White Matter.*"": 0.29][""Left Cerebrum.Sub-lobar.Insula.White Matter.*"": 0.17][""Left Cerebrum.Sub-lobar.Extra-Nuclear.White Matter.*"": 0.13][""Left Cerebrum.Sub-lobar.Insula.Gray Matter.Brodmann area 13"": 0.11]"
8,215, (-10.4;-76.6;-26.6),"[""None"": 0.96]","[""None"": 0.96]","[""None"": 0.82][""Left Cerebral Cortex"": 0.18]","[""None"": 0.89]","[""None"": 1.00]","[""Cerebellum"": 0.83][""Occipital Lobe"": 0.13]","[""Left Cerebellum.Posterior Lobe.Uvula.Gray Matter.*"": 0.24][""Left Cerebellum.Posterior Lobe.Pyramis.Gray Matter.*"": 0.23][""Left Cerebellum.Posterior Lobe.Declive.Gray Matter.*"": 0.19]"
9,226, (-0.7;-24.2;66.9),"[""Somatomotor"": 0.69][""None"": 0.31]","[""Somatomotor top"": 0.68][""None"": 0.31]","[""Left Cerebral Cortex"": 0.46][""Right Cerebral Cortex"": 0.26][""Left Cerebral White Matter"": 0.16]","[""Precentral Gyrus"": 0.65][""Postcentral Gyrus"": 0.14][""None"": 0.12]","[""GM Premotor cortex BA6 L"": 0.31][""GM Primary motor cortex BA4a L"": 0.26][""GM Premotor cortex BA6 R"": 0.20][""GM Primary motor cortex BA4a R"": 0.15]","[""Frontal Lobe"": 0.81][""None"": 0.12]","[""None"": 0.17]"
10,197, (-46.6;11.5;31.1),"[""Frontoparietal"": 0.42][""None"": 0.25][""DorsalAttention"": 0.17][""Default"": 0.13]","[""Control B"": 0.42][""None"": 0.26][""Control C"": 0.14]","[""Left Cerebral Cortex"": 0.87][""Left Cerebral White Matter"": 0.13]","[""Middle Frontal Gyrus"": 0.43][""Precentral Gyrus"": 0.31][""Inferior Frontal Gyrus; pars opercularis"": 0.22]","[""GM Broca's area BA44 L"": 0.52][""None"": 0.26]","[""Frontal Lobe"": 0.98]","[""Left Cerebrum.Frontal Lobe.Middle Frontal Gyrus.White Matter.*"": 0.26][""Left Cerebrum.Frontal Lobe.Inferior Frontal Gyrus.White Matter.*"": 0.25][""Left Cerebrum.Frontal Lobe.Precentral Gyrus.Gray Matter.Brodmann area 6"": 0.11]"
11,88, (30.6;43.5;-14.0),"[""Frontoparietal"": 0.55][""None"": 0.19][""Limbic"": 0.16]","[""Control C"": 0.48][""None"": 0.18][""Limbic temporal"": 0.17]","[""Right Cerebral Cortex"": 0.93]","[""Frontal Pole"": 0.85][""Frontal Orbital Cortex"": 0.15]","[""None"": 1.00]","[""Frontal Lobe"": 1.00]","[""Right Cerebrum.Frontal Lobe.Middle Frontal Gyrus.White Matter.*"": 0.43][""Right Cerebrum.Frontal Lobe.Sub-Gyral.White Matter.*"": 0.26]"
12,193, (-14.0;-92.8;-6.0),"[""Visual"": 0.90]","[""Visual central"": 0.88][""None"": 0.12]","[""Left Cerebral Cortex"": 0.87][""Left Cerebral White Matter"": 0.13]","[""Occipital Pole"": 0.68][""Lingual Gyrus"": 0.16]","[""GM Visual cortex V2 BA18 L"": 0.33][""GM Visual cortex V1 BA17 L"": 0.27][""GM Visual cortex V3V L"": 0.24]","[""Occipital Lobe"": 1.00]","[""Left Cerebrum.Occipital Lobe.Lingual Gyrus.White Matter.*"": 0.30][""Left Cerebellum.Posterior Lobe.Declive.Gray Matter.*"": 0.13][""Left Cerebrum.Occipital Lobe.Lingual Gyrus.Gray Matter.Brodmann area 18"": 0.12]"
13,255, (0.5;-35.3;42.3),"[""None"": 0.32][""VentralAttention"": 0.24][""Default"": 0.23][""Somatomotor"": 0.12]","[""None"": 0.28][""Contorl A"": 0.21][""Ventral attention"": 0.20][""Default A"": 0.19][""Somatomotor top"": 0.12]","[""Left Cerebral Cortex"": 0.47][""Right Cerebral Cortex"": 0.37]","[""Cingulate Gyrus; posterior division"": 0.51][""Precuneous Cortex"": 0.25][""Precentral Gyrus"": 0.14]","[""None"": 0.38][""GM Superior parietal lobule 5Ci R"": 0.15][""GM Superior parietal lobule 5M L"": 0.13]","[""Parietal Lobe"": 0.96]","[""Left Cerebrum.Limbic Lobe.Cingulate Gyrus.White Matter.*"": 0.17][""Right Cerebrum.Limbic Lobe.Cingulate Gyrus.White Matter.*"": 0.13][""Left Cerebrum.Limbic Lobe.Cingulate Gyrus.Gray Matter.Brodmann area 31"": 0.11][""Right Cerebrum.Limbic Lobe.Cingulate Gyrus.Gray Matter.Brodmann area 31"": 0.11]"
14,198, (26.1;-6.0;62.0),"[""DorsalAttention"": 0.41][""Somatomotor"": 0.29][""None"": 0.22]","[""Dorsal attention B"": 0.36][""None"": 0.26][""Somatomotor top"": 0.26]","[""Right Cerebral Cortex"": 0.84][""Right Cerebral White Matter"": 0.16]","[""Precentral Gyrus"": 0.48][""Superior Frontal Gyrus"": 0.35]","[""GM Premotor cortex BA6 R"": 0.74][""None"": 0.26]","[""Frontal Lobe"": 0.99]","[""Right Cerebrum.Frontal Lobe.Precentral Gyrus.White Matter.*"": 0.24][""Right Cerebrum.Frontal Lobe.Sub-Gyral.White Matter.*"": 0.17][""Right Cerebrum.Frontal Lobe.Middle Frontal Gyrus.White Matter.*"": 0.12][""Right Cerebrum.Frontal Lobe.Precentral Gyrus.Gray Matter.Brodmann area 6"": 0.11]"
15,176, (-55.6;-10.6;-17.0),"[""Default"": 0.81][""None"": 0.16]","[""Default B"": 0.68][""None"": 0.19][""Default auditory"": 0.11]","[""Left Cerebral Cortex"": 0.80][""Left Cerebral White Matter"": 0.20]","[""Middle Temporal Gyrus; posterior division"": 0.28][""Middle Temporal Gyrus; anterior division"": 0.25][""Superior Temporal Gyrus; anterior division"": 0.14][""None"": 0.11]","[""None"": 0.97]","[""Temporal Lobe"": 0.99]","[""Left Cerebrum.Temporal Lobe.Middle Temporal Gyrus.White Matter.*"": 0.32][""Left Cerebrum.Temporal Lobe.Sub-Gyral.White Matter.*"": 0.13][""Left Cerebrum.Temporal Lobe.Middle Temporal Gyrus.Gray Matter.Brodmann area 21"": 0.12]"
16,219, (0.3;56.6;0.5),"[""Default"": 0.82][""None"": 0.14]","[""Default A"": 0.77][""None"": 0.16]","[""Right Cerebral Cortex"": 0.43][""Left Cerebral Cortex"": 0.42][""Right Cerebral White Matter"": 0.11]","[""Frontal Pole"": 0.61][""Paracingulate Gyrus"": 0.33]","[""None"": 1.00]","[""Frontal Lobe"": 0.96]","[""Left Cerebrum.Frontal Lobe.Medial Frontal Gyrus.White Matter.*"": 0.18][""Right Cerebrum.Frontal Lobe.Medial Frontal Gyrus.Gray Matter.Brodmann area 10"": 0.17][""Right Cerebrum.Frontal Lobe.Medial Frontal Gyrus.White Matter.*"": 0.15]"
17,135, (-16.2;9.8;3.7),"[""None"": 1.00]","[""None"": 1.00]","[""Left Caudate"": 0.44][""Left Putamen"": 0.30][""Left Cerebral White Matter"": 0.19]","[""None"": 0.99]","[""None"": 0.90]","[""Caudate"": 0.52][""Putamen"": 0.41]","[""Left Cerebrum.Sub-lobar.Lentiform Nucleus.Gray Matter.Putamen"": 0.32][""Left Cerebrum.Sub-lobar.Caudate.Gray Matter.Caudate Body"": 0.27][""Left Cerebrum.Sub-lobar.Extra-Nuclear.White Matter.*"": 0.26]"
18,176, (45.8;-65.3;34.3),"[""Default"": 0.54][""None"": 0.23][""DorsalAttention"": 0.15]","[""Default A"": 0.39][""None"": 0.31][""Default C"": 0.13]","[""Right Cerebral Cortex"": 0.88][""Right Cerebral White Matter"": 0.13]","[""Lateral Occipital Cortex; superior division"": 0.82][""Angular Gyrus"": 0.18]","[""GM Inferior parietal lobule PGp R"": 0.57][""GM Inferior parietal lobule Pga R"": 0.29][""None"": 0.14]","[""Parietal Lobe"": 0.99]","[""Right Cerebrum.Temporal Lobe.Middle Temporal Gyrus.White Matter.*"": 0.24][""Right Cerebrum.Parietal Lobe.Angular Gyrus.White Matter.*"": 0.14]"
19,170, (3.1;-31.6;-34.5),"[""None"": 1.00]","[""None"": 1.00]","[""Brain-Stem"": 0.98]","[""None"": 1.00]","[""None"": 1.00]","[""None"": 0.73][""Cerebellum"": 0.27]","[""Right Brainstem.Pons.*.*.*"": 0.42][""Left Brainstem.Pons.*.*.*"": 0.32][""Left Brainstem.Medulla.*.*.*"": 0.11][""Right Brainstem.Medulla.*.*.*"": 0.11]"
20,223, (1.0;37.8;18.6),"[""Default"": 0.64][""None"": 0.22][""Frontoparietal"": 0.13]","[""Default A"": 0.55][""None"": 0.21][""Salience"": 0.19]","[""Left Cerebral Cortex"": 0.48][""Right Cerebral Cortex"": 0.37]","[""Paracingulate Gyrus"": 0.50][""Cingulate Gyrus; anterior division"": 0.50]","[""None"": 0.78]","[""Frontal Lobe"": 0.94]",
21,214, (-51.6;-59.6;18.9),"[""Default"": 0.50][""DorsalAttention"": 0.18][""None"": 0.15][""VentralAttention"": 0.12]","[""None"": 0.24][""Default B"": 0.24][""Default auditory"": 0.22][""Dorsal attention A"": 0.11][""Default A"": 0.11]","[""Left Cerebral Cortex"": 0.93]","[""Angular Gyrus"": 0.38][""Lateral Occipital Cortex; superior division"": 0.30][""Middle Temporal Gyrus; temporooccipital part"": 0.16]","[""None"": 0.44][""GM Inferior parietal lobule PGp L"": 0.27][""GM Inferior parietal lobule Pga L"": 0.21]","[""Parietal Lobe"": 0.58][""Occipital Lobe"": 0.30]","[""Left Cerebrum.Temporal Lobe.Middle Temporal Gyrus.White Matter.*"": 0.31][""Left Cerebrum.Temporal Lobe.Superior Temporal Gyrus.White Matter.*"": 0.24]"
22,153, (46.3;9.8;-28.2),"[""Default"": 0.43][""Limbic"": 0.35][""None"": 0.20]","[""Default B"": 0.39][""Limbic frontal"": 0.25][""None"": 0.24]","[""Right Cerebral Cortex"": 0.83][""Right Cerebral White Matter"": 0.17]","[""Temporal Pole"": 0.75]","[""None"": 1.00]","[""Temporal Lobe"": 0.99]","[""Right Cerebrum.Temporal Lobe.Superior Temporal Gyrus.White Matter.*"": 0.31][""Right Cerebrum.Temporal Lobe.Superior Temporal Gyrus.Gray Matter.Brodmann area 38"": 0.24]"
23,236, (13.7;-60.2;9.7),"[""Visual"": 0.63][""None"": 0.23][""Default"": 0.14]","[""Visual central"": 0.57][""None"": 0.28][""Default C"": 0.11]","[""Right Cerebral Cortex"": 0.72][""Right Cerebral White Matter"": 0.25]","[""Precuneous Cortex"": 0.33][""Intracalcarine Cortex"": 0.24][""Lingual Gyrus"": 0.24]","[""GM Visual cortex V1 BA17 R"": 0.42][""GM Visual cortex V2 BA18 R"": 0.25][""None"": 0.21]","[""Parietal Lobe"": 0.49][""Occipital Lobe"": 0.47]","[""Right Cerebrum.Limbic Lobe.Posterior Cingulate.White Matter.*"": 0.19][""Right Cerebrum.Occipital Lobe.Lingual Gyrus.White Matter.*"": 0.11]"
24,228, (0.5;-12.0;43.3),"[""Somatomotor"": 0.51][""None"": 0.22][""VentralAttention"": 0.14]","[""Somatomotor top"": 0.42][""None"": 0.34][""Ventral attention"": 0.15]","[""Left Cerebral Cortex"": 0.43][""Right Cerebral Cortex"": 0.33][""Left Cerebral White Matter"": 0.14]","[""Cingulate Gyrus; anterior division"": 0.29][""Juxtapositional Lobule Cortex (formerly Supplementary Motor Cortex)"": 0.28][""Cingulate Gyrus; posterior division"": 0.21][""Precentral Gyrus"": 0.18]","[""GM Premotor cortex BA6 L"": 0.25][""GM Premotor cortex BA6 R"": 0.25][""None"": 0.20][""WM Callosal body"": 0.11]","[""Frontal Lobe"": 0.68][""Parietal Lobe"": 0.23]","[""Left Cerebrum.Limbic Lobe.Cingulate Gyrus.*.*"": 0.14][""Left Cerebrum.Limbic Lobe.Cingulate Gyrus.Gray Matter.Brodmann area 24"": 0.13][""Right Cerebrum.Limbic Lobe.Cingulate Gyrus.Gray Matter.Brodmann area 24"": 0.12]"
25,184, (26.3;-13.4;-18.2),"[""None"": 0.84][""Limbic"": 0.14]","[""None"": 0.85]","[""Right Hippocampus"": 0.34][""Right Cerebral White Matter"": 0.23][""Right Amygdala"": 0.20][""Right Cerebral Cortex"": 0.17]","[""None"": 0.70][""Parahippocampal Gyrus; anterior division"": 0.13]","[""GM Hippocampus cornu ammonis R"": 0.34][""GM Hippocampus subiculum R"": 0.16][""GM Amygdala_laterobasal group R"": 0.13]","[""Temporal Lobe"": 0.77][""None"": 0.21]","[""Right Cerebrum.Limbic Lobe.Parahippocampal Gyrus.White Matter.*"": 0.25][""Right Cerebrum.Sub-lobar.Extra-Nuclear.White Matter.*"": 0.15]"
26,138, (-36.3;1.8;-36.8),"[""Limbic"": 0.72][""None"": 0.18]","[""Limbic frontal"": 0.64][""None"": 0.20][""Default B"": 0.16]","[""Left Cerebral Cortex"": 0.80][""Left Cerebral White Matter"": 0.20]","[""Temporal Pole"": 0.50][""Temporal Fusiform Cortex; anterior division"": 0.17][""Parahippocampal Gyrus; anterior division"": 0.13]","[""None"": 0.78][""GM Hippocampus entorhinal cortex L"": 0.15]","[""Temporal Lobe"": 1.00]","[""Left Cerebrum.Temporal Lobe.Superior Temporal Gyrus.White Matter.*"": 0.17][""Left Cerebrum.Limbic Lobe.Uncus.White Matter.*"": 0.16][""Left Cerebrum.Temporal Lobe.Sub-Gyral.White Matter.*"": 0.15][""Left Cerebrum.Temporal Lobe.Superior Temporal Gyrus.Gray Matter.Brodmann area 38"": 0.11]"
27,182, (-24.4;-7.3;62.2),"[""DorsalAttention"": 0.44][""Somatomotor"": 0.31][""None"": 0.19]","[""Dorsal attention B"": 0.42][""None"": 0.28][""Somatomotor top"": 0.24]","[""Left Cerebral Cortex"": 0.82][""Left Cerebral White Matter"": 0.18]","[""Precentral Gyrus"": 0.47][""Superior Frontal Gyrus"": 0.39][""Middle Frontal Gyrus"": 0.12]","[""GM Premotor cortex BA6 L"": 0.86][""None"": 0.13]","[""Frontal Lobe"": 0.99]","[""Left Cerebrum.Frontal Lobe.Precentral Gyrus.White Matter.*"": 0.25][""Left Cerebrum.Frontal Lobe.Precentral Gyrus.Gray Matter.Brodmann area 6"": 0.15][""Left Cerebrum.Frontal Lobe.Middle Frontal Gyrus.Gray Matter.Brodmann area 6"": 0.13][""Left Cerebrum.Frontal Lobe.Sub-Gyral.White Matter.*"": 0.11]"
28,213, (16.1;-76.6;35.7),"[""Visual"": 0.61][""None"": 0.18][""Frontoparietal"": 0.11]","[""Visual central"": 0.48][""None"": 0.22][""Contorl A"": 0.18][""Dorsal attention A"": 0.11]","[""Right Cerebral Cortex"": 0.85][""Right Cerebral White Matter"": 0.15]","[""Lateral Occipital Cortex; superior division"": 0.40][""Precuneous Cortex"": 0.25][""Cuneal Cortex"": 0.25]","[""None"": 0.68][""GM Visual cortex V2 BA18 R"": 0.14]","[""Parietal Lobe"": 0.51][""Occipital Lobe"": 0.47]","[""Right Cerebrum.Occipital Lobe.Cuneus.White Matter.*"": 0.25][""Right Cerebrum.Parietal Lobe.Precuneus.White Matter.*"": 0.15]"
29,162, (-11.7;-26.3;3.7),"[""None"": 0.96]","[""None"": 0.98]","[""Left Thalamus"": 0.72]","[""None"": 0.96]","[""None"": 0.60][""GM Hippocampus subiculum L"": 0.12]","[""Thalamus"": 0.64][""None"": 0.28]","[""Left Brainstem.Midbrain.*.*.*"": 0.18][""Left Cerebrum.Sub-lobar.Thalamus.Gray Matter.Pulvinar"": 0.17][""Left Cerebrum.Sub-lobar.Thalamus.Gray Matter.*"": 0.15][""Left Cerebrum.Sub-lobar.Extra-Nuclear.White Matter.*"": 0.12]"
30,197, (-42.3;-47.4;47.3),"[""Frontoparietal"": 0.38][""DorsalAttention"": 0.30][""None"": 0.17][""Default"": 0.11]","[""Control B"": 0.33][""None"": 0.22][""Control C"": 0.20][""Dorsal attention B"": 0.14]","[""Left Cerebral Cortex"": 0.93]","[""Superior Parietal Lobule"": 0.38][""Supramarginal Gyrus; posterior division"": 0.20][""Angular Gyrus"": 0.18]","[""GM Inferior parietal lobule PFm L"": 0.19][""GM Anterior intra-parietal sulcus hIP1 L"": 0.17][""GM Primary somatosensory cortex BA2 L"": 0.14][""GM Anterior intra-parietal sulcus hIP2 L"": 0.11][""GM Anterior intra-parietal sulcus hIP3 L"": 0.11]","[""Parietal Lobe"": 1.00]","[""Left Cerebrum.Parietal Lobe.Inferior Parietal Lobule.White Matter.*"": 0.32][""Left Cerebrum.Parietal Lobe.Inferior Parietal Lobule.Gray Matter.Brodmann area 40"": 0.31][""Left Cerebrum.Parietal Lobe.Sub-Gyral.White Matter.*"": 0.12]"
31,157, (0.3;37.8;-10.1),"[""Default"": 0.59][""None"": 0.22][""Limbic"": 0.18]","[""Default A"": 0.51][""Limbic temporal"": 0.29][""None"": 0.20]","[""Right Cerebral Cortex"": 0.48][""Left Cerebral Cortex"": 0.35][""Right Cerebral White Matter"": 0.11]","[""Frontal Medial Cortex"": 0.36][""Subcallosal Cortex"": 0.23][""Paracingulate Gyrus"": 0.22][""Cingulate Gyrus; anterior division"": 0.18]","[""None"": 0.91]","[""Frontal Lobe"": 0.97]","[""Left Cerebrum.Limbic Lobe.Anterior Cingulate.White Matter.*"": 0.17][""Left Cerebrum.Limbic Lobe.Anterior Cingulate.*.*"": 0.15][""Right Cerebrum.Limbic Lobe.Anterior Cingulate.White Matter.*"": 0.11]"
32,174, (28.4;46.5;29.7),"[""Frontoparietal"": 0.34][""None"": 0.26][""VentralAttention"": 0.21][""Default"": 0.19]","[""Salience"": 0.63][""None"": 0.24]","[""Right Cerebral Cortex"": 0.95]","[""Frontal Pole"": 0.97]","[""None"": 1.00]","[""Frontal Lobe"": 0.97]","[""Right Cerebrum.Frontal Lobe.Superior Frontal Gyrus.White Matter.*"": 0.39][""Right Cerebrum.Frontal Lobe.Middle Frontal Gyrus.White Matter.*"": 0.16]"
33,231, (-59.4;-33.6;-0.5),"[""Default"": 0.64][""Somatomotor"": 0.20][""None"": 0.16]","[""Default auditory"": 0.32][""Default B"": 0.30][""None"": 0.21]","[""Left Cerebral Cortex"": 0.85][""Left Cerebral White Matter"": 0.15]","[""Superior Temporal Gyrus; posterior division"": 0.39][""Middle Temporal Gyrus; posterior division"": 0.33][""Middle Temporal Gyrus; temporooccipital part"": 0.13]","[""None"": 0.96]","[""Temporal Lobe"": 0.99]","[""Left Cerebrum.Temporal Lobe.Middle Temporal Gyrus.White Matter.*"": 0.37][""Left Cerebrum.Temporal Lobe.Superior Temporal Gyrus.White Matter.*"": 0.24][""Left Cerebrum.Temporal Lobe.Middle Temporal Gyrus.Gray Matter.Brodmann area 21"": 0.14]"
34,212, (38.2;-62.8;-31.4),"[""None"": 0.99]","[""None"": 1.00]","[""None"": 0.92]","[""None"": 0.95]","[""None"": 1.00]","[""Cerebellum"": 0.94]","[""Right Cerebellum.Posterior Lobe.Cerebellar Tonsil.Gray Matter.*"": 0.25][""Right Cerebellum.Posterior Lobe.Tuber.Gray Matter.*"": 0.24][""Right Cerebellum.Anterior Lobe.Culmen.Gray Matter.*"": 0.19]"
35,158, (46.6;34.1;19.3),"[""Frontoparietal"": 0.84][""None"": 0.15]","[""Control B"": 0.46][""None"": 0.34]","[""Right Cerebral Cortex"": 0.85][""Right Cerebral White Matter"": 0.15]","[""Frontal Pole"": 0.46][""Inferior Frontal Gyrus; pars triangularis"": 0.23][""Middle Frontal Gyrus"": 0.20]","[""None"": 0.51][""GM Broca's area BA45 R"": 0.47]","[""Frontal Lobe"": 0.99]","[""Right Cerebrum.Frontal Lobe.Middle Frontal Gyrus.White Matter.*"": 0.47][""Right Cerebrum.Frontal Lobe.Sub-Gyral.White Matter.*"": 0.14][""Right Cerebrum.Frontal Lobe.Inferior Frontal Gyrus.White Matter.*"": 0.13]"
36,125, (-29.3;24.8;-15.7),"[""None"": 0.37][""Default"": 0.31][""Limbic"": 0.24]","[""None"": 0.37][""Default B"": 0.30][""Limbic temporal"": 0.27]","[""Left Cerebral Cortex"": 0.77][""Left Cerebral White Matter"": 0.23]","[""Frontal Orbital Cortex"": 0.74][""Frontal Pole"": 0.11]","[""None"": 0.96]","[""Frontal Lobe"": 0.82]","[""Left Cerebrum.Frontal Lobe.Inferior Frontal Gyrus.White Matter.*"": 0.39][""Left Cerebrum.Frontal Lobe.Inferior Frontal Gyrus.Gray Matter.Brodmann area 47"": 0.16][""Left Cerebrum.Sub-lobar.Extra-Nuclear.White Matter.*"": 0.14]"
37,178, (34.3;-83.3;17.6),"[""Visual"": 0.83]","[""Visual central"": 0.57][""Dorsal attention A"": 0.29][""None"": 0.13]","[""Right Cerebral Cortex"": 0.85][""Right Cerebral White Matter"": 0.15]","[""Lateral Occipital Cortex; superior division"": 0.61][""Occipital Pole"": 0.25][""Lateral Occipital Cortex; inferior division"": 0.14]","[""None"": 0.58][""GM Inferior parietal lobule PGp R"": 0.22][""GM Visual cortex V2 BA18 R"": 0.16]","[""Occipital Lobe"": 0.74][""Parietal Lobe"": 0.24]","[""Right Cerebrum.Occipital Lobe.Middle Occipital Gyrus.White Matter.*"": 0.51][""Right Cerebrum.Occipital Lobe.Cuneus.White Matter.*"": 0.12]"
38,125, (-20.0;52.7;27.8),"[""Default"": 0.61][""VentralAttention"": 0.22][""None"": 0.11]","[""Default B"": 0.44][""Salience"": 0.38][""None"": 0.14]","[""Left Cerebral Cortex"": 0.95]","[""Frontal Pole"": 1.00]","[""None"": 1.00]","[""Frontal Lobe"": 0.94]","[""Left Cerebrum.Frontal Lobe.Superior Frontal Gyrus.White Matter.*"": 0.54][""Left Cerebrum.Frontal Lobe.Superior Frontal Gyrus.Gray Matter.Brodmann area 9"": 0.20]"
39,166, (4.5;-10.9;8.3),"[""None"": 1.00]","[""None"": 1.00]","[""Right Thalamus"": 0.54][""Left Thalamus"": 0.27]","[""None"": 1.00]","[""None"": 0.75][""WM Fornix"": 0.24]","[""Thalamus"": 0.87]","[""Right Cerebrum.Sub-lobar.Thalamus.Gray Matter.*"": 0.12][""Right Cerebrum.Sub-lobar.Thalamus.Gray Matter.Medial Dorsal Nucleus"": 0.12][""Right Cerebrum.Sub-lobar.Extra-Nuclear.White Matter.*"": 0.11]"
40,207, (42.0;-16.0;10.2),"[""Somatomotor"": 0.69][""None"": 0.20]","[""Somatomotor down"": 0.63][""None"": 0.23][""Ventral attention"": 0.11]","[""Right Cerebral Cortex"": 0.73][""Right Cerebral White Matter"": 0.25]","[""Insular Cortex"": 0.25][""Central Opercular Cortex"": 0.21][""Heschl's Gyrus (includes H1 and H2)"": 0.16][""Parietal Operculum Cortex"": 0.14]","[""None"": 0.23][""GM Secondary somatosensory cortex / Parietal operculum OP3 R"": 0.15][""GM Secondary somatosensory cortex / Parietal operculum OP1 R"": 0.14][""GM Primary auditory cortex TE1.0 R"": 0.12]","[""Parietal Lobe"": 0.30][""Temporal Lobe"": 0.28][""Insula"": 0.26]","[""Right Cerebrum.Sub-lobar.Insula.White Matter.*"": 0.30][""Right Cerebrum.Sub-lobar.Insula.Gray Matter.Brodmann area 13"": 0.25][""Right Cerebrum.Sub-lobar.Extra-Nuclear.White Matter.*"": 0.13]"
41,188, (-42.9;8.8;-21.5),"[""None"": 0.30][""Limbic"": 0.29][""Default"": 0.29][""VentralAttention"": 0.11]","[""None"": 0.32][""Default B"": 0.27][""Limbic frontal"": 0.21]","[""Left Cerebral Cortex"": 0.89][""Left Cerebral White Matter"": 0.11]","[""Temporal Pole"": 0.69][""Insular Cortex"": 0.11]","[""None"": 0.96]","[""Temporal Lobe"": 0.84]","[""Left Cerebrum.Temporal Lobe.Superior Temporal Gyrus.White Matter.*"": 0.25][""Left Cerebrum.Temporal Lobe.Superior Temporal Gyrus.Gray Matter.Brodmann area 38"": 0.20]"
42,173, (-44.5;-24.4;13.3),"[""Somatomotor"": 0.86][""None"": 0.12]","[""Somatomotor down"": 0.83][""None"": 0.14]","[""Left Cerebral Cortex"": 0.84][""Left Cerebral White Matter"": 0.16]","[""Parietal Operculum Cortex"": 0.26][""Central Opercular Cortex"": 0.21][""Planum Temporale"": 0.21][""Heschl's Gyrus (includes H1 and H2)"": 0.20]","[""GM Secondary somatosensory cortex / Parietal operculum OP1 L"": 0.29][""GM Primary auditory cortex TE1.0 L"": 0.13][""GM Primary auditory cortex TE1.1 L"": 0.13]","[""Parietal Lobe"": 0.47][""Temporal Lobe"": 0.39]","[""Left Cerebrum.Temporal Lobe.Superior Temporal Gyrus.White Matter.*"": 0.25][""Left Cerebrum.Sub-lobar.Insula.White Matter.*"": 0.20][""Left Cerebrum.Sub-lobar.Insula.Gray Matter.Brodmann area 13"": 0.16]"
43,237, (29.3;-38.9;-24.5),"[""None"": 0.67][""Visual"": 0.30]","[""None"": 0.68][""Default C"": 0.13][""Visual central"": 0.11]","[""Right Cerebral Cortex"": 0.47][""None"": 0.41]","[""None"": 0.50][""Temporal Occipital Fusiform Cortex"": 0.19][""Temporal Fusiform Cortex; posterior division"": 0.16][""Parahippocampal Gyrus; posterior division"": 0.12]","[""None"": 0.89]","[""Cerebellum"": 0.56][""Temporal Lobe"": 0.43]","[""Right Cerebellum.Anterior Lobe.Culmen.Gray Matter.*"": 0.43]"
44,207, (47.3;13.2;31.1),"[""Frontoparietal"": 0.53][""DorsalAttention"": 0.27][""None"": 0.17]","[""Control B"": 0.44][""Control C"": 0.25][""None"": 0.19]","[""Right Cerebral Cortex"": 0.83][""Right Cerebral White Matter"": 0.17]","[""Middle Frontal Gyrus"": 0.43][""Precentral Gyrus"": 0.31][""Inferior Frontal Gyrus; pars opercularis"": 0.24]","[""None"": 0.43][""GM Broca's area BA44 R"": 0.37][""GM Broca's area BA45 R"": 0.12]","[""Frontal Lobe"": 0.99]","[""Right Cerebrum.Frontal Lobe.Middle Frontal Gyrus.White Matter.*"": 0.27][""Right Cerebrum.Frontal Lobe.Inferior Frontal Gyrus.White Matter.*"": 0.22][""Right Cerebrum.Frontal Lobe.Sub-Gyral.White Matter.*"": 0.16]"
45,177, (-35.8;-50.3;-30.6),"[""None"": 0.93]","[""None"": 0.92]","[""None"": 0.72][""Left Cerebral Cortex"": 0.28]","[""None"": 0.77][""Temporal Occipital Fusiform Cortex"": 0.15]","[""None"": 1.00]","[""Cerebellum"": 0.80][""Temporal Lobe"": 0.19]","[""Left Cerebellum.Anterior Lobe.Culmen.Gray Matter.*"": 0.53][""Left Cerebellum.Posterior Lobe.Cerebellar Tonsil.Gray Matter.*"": 0.27]"
46,157, (31.9;16.1;-16.4),"[""None"": 0.52][""Limbic"": 0.20][""Default"": 0.15]","[""None"": 0.53][""Default B"": 0.14][""Limbic temporal"": 0.13]","[""Right Cerebral Cortex"": 0.85][""Right Cerebral White Matter"": 0.13]","[""Frontal Orbital Cortex"": 0.51][""None"": 0.17][""Insular Cortex"": 0.15][""Temporal Pole"": 0.15]","[""None"": 0.94]","[""Frontal Lobe"": 0.38][""Temporal Lobe"": 0.25][""Insula"": 0.16][""None"": 0.15]","[""Right Cerebrum.Frontal Lobe.Inferior Frontal Gyrus.White Matter.*"": 0.27][""Right Cerebrum.Sub-lobar.Extra-Nuclear.White Matter.*"": 0.20][""Right Cerebrum.Frontal Lobe.Inferior Frontal Gyrus.Gray Matter.Brodmann area 47"": 0.13]"
47,228, (-11.8;-78.7;33.3),"[""Visual"": 0.57][""None"": 0.24]","[""Visual central"": 0.47][""None"": 0.25][""Contorl A"": 0.14][""Dorsal attention A"": 0.12]","[""Left Cerebral Cortex"": 0.79][""Left Cerebral White Matter"": 0.21]","[""Lateral Occipital Cortex; superior division"": 0.31][""Precuneous Cortex"": 0.29][""Cuneal Cortex"": 0.29]","[""None"": 0.58][""GM Visual cortex V2 BA18 L"": 0.16][""GM Superior parietal lobule 7P L"": 0.14]","[""Occipital Lobe"": 0.84][""Parietal Lobe"": 0.16]","[""Left Cerebrum.Occipital Lobe.Cuneus.White Matter.*"": 0.24][""Left Cerebrum.Occipital Lobe.Cuneus.Gray Matter.Brodmann area 18"": 0.14][""Left Cerebrum.Occipital Lobe.Cuneus.Gray Matter.Brodmann area 19"": 0.11]"
48,135, (-29.4;56.4;6.4),"[""Frontoparietal"": 0.58][""Default"": 0.34]","[""Control C"": 0.44][""None"": 0.18][""Salience"": 0.18][""Default A"": 0.13]","[""Left Cerebral Cortex"": 0.88][""Left Cerebral White Matter"": 0.12]","[""Frontal Pole"": 1.00]","[""None"": 1.00]","[""Frontal Lobe"": 0.95]","[""Left Cerebrum.Frontal Lobe.Middle Frontal Gyrus.White Matter.*"": 0.46][""Left Cerebrum.Frontal Lobe.Superior Frontal Gyrus.White Matter.*"": 0.23][""Left Cerebrum.Frontal Lobe.Superior Frontal Gyrus.Gray Matter.Brodmann area 10"": 0.14][""Left Cerebrum.Frontal Lobe.Middle Frontal Gyrus.Gray Matter.Brodmann area 10"": 0.12]"
49,196, (27.5;25.9;48.7),"[""Frontoparietal"": 0.42][""Default"": 0.37][""None"": 0.21]","[""Control C"": 0.43][""Default A"": 0.25][""None"": 0.22]","[""Right Cerebral Cortex"": 0.88][""Right Cerebral White Matter"": 0.12]","[""Middle Frontal Gyrus"": 0.46][""Superior Frontal Gyrus"": 0.40][""Frontal Pole"": 0.13]","[""None"": 0.97]","[""Frontal Lobe"": 0.97]","[""Right Cerebrum.Frontal Lobe.Superior Frontal Gyrus.White Matter.*"": 0.34][""Right Cerebrum.Frontal Lobe.Middle Frontal Gyrus.White Matter.*"": 0.19][""Right Cerebrum.Frontal Lobe.Middle Frontal Gyrus.Gray Matter.Brodmann area 8"": 0.12][""Right Cerebrum.Frontal Lobe.Superior Frontal Gyrus.Gray Matter.Brodmann area 8"": 0.11]"
50,317, (-12.6;-62.0;2.5),"[""Visual"": 0.63][""None"": 0.27]","[""Visual central"": 0.60][""None"": 0.30]","[""Left Cerebral Cortex"": 0.75][""Left Cerebral White Matter"": 0.21]","[""Lingual Gyrus"": 0.46][""Intracalcarine Cortex"": 0.18][""Precuneous Cortex"": 0.16]","[""GM Visual cortex V1 BA17 L"": 0.30][""None"": 0.28][""GM Visual cortex V2 BA18 L"": 0.17]","[""Occipital Lobe"": 0.51][""Parietal Lobe"": 0.38]","[""Left Cerebellum.Anterior Lobe.Culmen.Gray Matter.*"": 0.19][""Left Cerebrum.Limbic Lobe.Posterior Cingulate.White Matter.*"": 0.13][""Left Cerebrum.Occipital Lobe.Lingual Gyrus.White Matter.*"": 0.12]"
51,178, (-43.9;34.3;18.6),"[""Frontoparietal"": 0.70][""None"": 0.14][""Default"": 0.12]","[""Control B"": 0.42][""None"": 0.24][""Salience"": 0.19][""Default B"": 0.15]","[""Left Cerebral Cortex"": 0.90]","[""Frontal Pole"": 0.39][""Inferior Frontal Gyrus; pars triangularis"": 0.29][""Middle Frontal Gyrus"": 0.26]","[""GM Broca's area BA45 L"": 0.52][""None"": 0.44]","[""Frontal Lobe"": 0.95]","[""Left Cerebrum.Frontal Lobe.Middle Frontal Gyrus.White Matter.*"": 0.46][""Left Cerebrum.Frontal Lobe.Inferior Frontal Gyrus.White Matter.*"": 0.15]"
52,183, (52.8;-51.5;-12.3),"[""DorsalAttention"": 0.51][""Visual"": 0.21][""None"": 0.15][""Frontoparietal"": 0.11]","[""Dorsal attention A"": 0.40][""None"": 0.26][""Control B"": 0.19][""Visual central"": 0.11]","[""Right Cerebral Cortex"": 0.86][""Right Cerebral White Matter"": 0.14]","[""Inferior Temporal Gyrus; temporooccipital part"": 0.45][""Middle Temporal Gyrus; temporooccipital part"": 0.27][""Temporal Occipital Fusiform Cortex"": 0.16]","[""None"": 0.96]","[""Temporal Lobe"": 0.99]","[""Right Cerebrum.Temporal Lobe.Middle Temporal Gyrus.White Matter.*"": 0.21][""Right Cerebrum.Temporal Lobe.Fusiform Gyrus.Gray Matter.Brodmann area 37"": 0.16][""Right Cerebrum.Temporal Lobe.Fusiform Gyrus.White Matter.*"": 0.14][""Right Cerebrum.Temporal Lobe.Sub-Gyral.White Matter.*"": 0.11]"
53,162, (-57.5;-10.8;26.5),"[""Somatomotor"": 0.72][""None"": 0.13][""VentralAttention"": 0.12]","[""Somatomotor down"": 0.70][""None"": 0.15]","[""Left Cerebral Cortex"": 0.93]","[""Postcentral Gyrus"": 0.51][""Precentral Gyrus"": 0.35]","[""GM Secondary somatosensory cortex / Parietal operculum OP4 L"": 0.20][""GM Primary somatosensory cortex BA3b L"": 0.15][""GM Primary somatosensory cortex BA1 L"": 0.13][""GM Secondary somatosensory cortex / Parietal operculum OP1 L"": 0.12]","[""Frontal Lobe"": 0.57][""Parietal Lobe"": 0.35]","[""Left Cerebrum.Frontal Lobe.Precentral Gyrus.White Matter.*"": 0.33][""Left Cerebrum.Parietal Lobe.Postcentral Gyrus.White Matter.*"": 0.26]"
54,200, (-50.5;-55.9;-11.4),"[""DorsalAttention"": 0.52][""Frontoparietal"": 0.21][""None"": 0.19]","[""Dorsal attention A"": 0.37][""Control B"": 0.29][""None"": 0.20]","[""Left Cerebral Cortex"": 0.88][""Left Cerebral White Matter"": 0.12]","[""Inferior Temporal Gyrus; temporooccipital part"": 0.35][""Middle Temporal Gyrus; temporooccipital part"": 0.23][""Lateral Occipital Cortex; inferior division"": 0.16][""Temporal Occipital Fusiform Cortex"": 0.14]","[""None"": 0.96]","[""Temporal Lobe"": 0.86][""Occipital Lobe"": 0.12]","[""Left Cerebrum.Temporal Lobe.Fusiform Gyrus.Gray Matter.Brodmann area 37"": 0.20][""Left Cerebrum.Temporal Lobe.Fusiform Gyrus.White Matter.*"": 0.14][""Left Cerebrum.Temporal Lobe.Middle Temporal Gyrus.White Matter.*"": 0.12][""Left Cerebellum.Posterior Lobe.Declive.Gray Matter.*"": 0.11]"
55,159, (18.4;-33.3;-1.6),"[""None"": 0.77][""Visual"": 0.23]","[""None"": 0.81][""Visual central"": 0.15]","[""Right Thalamus"": 0.35][""Right Cerebral White Matter"": 0.23][""Right Cerebral Cortex"": 0.22][""Right Hippocampus"": 0.14]","[""None"": 0.68][""Lingual Gyrus"": 0.14][""Parahippocampal Gyrus; posterior division"": 0.11]","[""None"": 0.35][""GM Hippocampus subiculum R"": 0.25][""GM Hippocampus cornu ammonis R"": 0.17]","[""None"": 0.51][""Thalamus"": 0.24][""Parietal Lobe"": 0.13]","[""Right Cerebrum.Limbic Lobe.Parahippocampal Gyrus.White Matter.*"": 0.23][""Right Brainstem.Midbrain.*.*.*"": 0.15][""Right Cerebrum.Sub-lobar.Thalamus.Gray Matter.Pulvinar"": 0.13]"
56,162, (15.2;-46.7;65.9),"[""DorsalAttention"": 0.41][""Somatomotor"": 0.34][""None"": 0.21]","[""Dorsal attention B"": 0.34][""None"": 0.30][""Somatomotor top"": 0.27]","[""Right Cerebral Cortex"": 0.93]","[""Superior Parietal Lobule"": 0.37][""Postcentral Gyrus"": 0.35][""Precuneous Cortex"": 0.19]","[""GM Superior parietal lobule 5L R"": 0.33][""GM Superior parietal lobule 5M R"": 0.17][""GM Superior parietal lobule 7A R"": 0.12]","[""Parietal Lobe"": 0.87]","[""Right Cerebrum.Parietal Lobe.Superior Parietal Lobule.Gray Matter.Brodmann area 7"": 0.21][""Right Cerebrum.Parietal Lobe.Precuneus.White Matter.*"": 0.12][""Right Cerebrum.Parietal Lobe.Precuneus.Gray Matter.Brodmann area 7"": 0.11]"
57,218, (0.4;33.3;49.3),"[""Default"": 0.47][""None"": 0.27][""Frontoparietal"": 0.26]","[""Default B"": 0.38][""None"": 0.37][""Control C"": 0.22]","[""Left Cerebral Cortex"": 0.46][""Right Cerebral Cortex"": 0.35][""Left Cerebral White Matter"": 0.11]","[""Superior Frontal Gyrus"": 0.63][""Paracingulate Gyrus"": 0.14][""Frontal Pole"": 0.13]","[""None"": 0.88]","[""Frontal Lobe"": 0.90]","[""Left Cerebrum.Frontal Lobe.Superior Frontal Gyrus.White Matter.*"": 0.19][""Right Cerebrum.Frontal Lobe.Superior Frontal Gyrus.White Matter.*"": 0.12][""Left Cerebrum.Frontal Lobe.Superior Frontal Gyrus.Gray Matter.Brodmann area 8"": 0.11]"
58,200, (-57.1;-37.6;28.3),"[""VentralAttention"": 0.55][""None"": 0.14]","[""Ventral attention"": 0.34][""None"": 0.23]","[""Left Cerebral Cortex"": 0.89][""Left Cerebral White Matter"": 0.11]","[""Supramarginal Gyrus; anterior division"": 0.39][""Supramarginal Gyrus; posterior division"": 0.29][""Parietal Operculum Cortex"": 0.17]","[""GM Inferior parietal lobule PF L"": 0.58]","[""Parietal Lobe"": 0.85][""Temporal Lobe"": 0.14]","[""Left Cerebrum.Parietal Lobe.Inferior Parietal Lobule.White Matter.*"": 0.24][""Left Cerebrum.Parietal Lobe.Inferior Parietal Lobule.Gray Matter.Brodmann area 40"": 0.23][""Left Cerebrum.Temporal Lobe.Superior Temporal Gyrus.White Matter.*"": 0.14][""Left Cerebrum.Parietal Lobe.Supramarginal Gyrus.White Matter.*"": 0.13]"
59,204, (15.8;-77.1;-27.2),"[""None"": 0.98]","[""None"": 0.98]","[""None"": 0.95]","[""None"": 0.98]","[""None"": 0.99]","[""Cerebellum"": 0.88]","[""Right Cerebellum.Posterior Lobe.Pyramis.Gray Matter.*"": 0.30][""Right Cerebellum.Posterior Lobe.Uvula.Gray Matter.*"": 0.27][""Right Cerebellum.Posterior Lobe.Declive.Gray Matter.*"": 0.19]"
60,193, (42.1;20.0;1.5),"[""VentralAttention"": 0.45][""None"": 0.35][""Default"": 0.13]","[""Salience"": 0.41][""None"": 0.35][""Ventral attention"": 0.13]","[""Right Cerebral Cortex"": 0.84][""Right Cerebral White Matter"": 0.16]","[""Insular Cortex"": 0.23][""Frontal Operculum Cortex"": 0.22][""Frontal Orbital Cortex"": 0.19][""Inferior Frontal Gyrus; pars triangularis"": 0.13]","[""None"": 0.61][""GM Broca's area BA45 R"": 0.23][""GM Broca's area BA44 R"": 0.12]","[""Frontal Lobe"": 0.63][""Insula"": 0.30]","[""Right Cerebrum.Frontal Lobe.Inferior Frontal Gyrus.White Matter.*"": 0.21][""Right Cerebrum.Sub-lobar.Insula.White Matter.*"": 0.18][""Right Cerebrum.Sub-lobar.Extra-Nuclear.White Matter.*"": 0.13][""Right Cerebrum.Sub-lobar.Insula.Gray Matter.Brodmann area 13"": 0.11]"
61,193, (-25.3;-9.7;-18.3),"[""None"": 0.85][""Limbic"": 0.14]","[""None"": 0.89]","[""Left Cerebral White Matter"": 0.28][""Left Hippocampus"": 0.27][""Left Amygdala"": 0.22][""Left Cerebral Cortex"": 0.21]","[""None"": 0.77][""Parahippocampal Gyrus; anterior division"": 0.11]","[""GM Hippocampus cornu ammonis L"": 0.25][""GM Amygdala_laterobasal group L"": 0.19][""GM Amygdala_superficial group L"": 0.15]","[""Temporal Lobe"": 0.74][""None"": 0.24]","[""Left Cerebrum.Limbic Lobe.Parahippocampal Gyrus.White Matter.*"": 0.18][""Left Cerebrum.Sub-lobar.Extra-Nuclear.White Matter.*"": 0.15][""Left Cerebrum.Temporal Lobe.Sub-Gyral.White Matter.*"": 0.13]"
62,195, (-20.2;-40.2;65.4),"[""Somatomotor"": 0.74][""None"": 0.16]","[""Somatomotor top"": 0.69][""Dorsal attention B"": 0.15][""None"": 0.14]","[""Left Cerebral Cortex"": 0.97]","[""Postcentral Gyrus"": 0.57][""Superior Parietal Lobule"": 0.26][""Precentral Gyrus"": 0.11]","[""GM Superior parietal lobule 5L L"": 0.23][""GM Primary motor cortex BA4a L"": 0.16][""GM Primary somatosensory cortex BA1 L"": 0.11]","[""Parietal Lobe"": 0.69][""Frontal Lobe"": 0.23]","[""Left Cerebrum.Parietal Lobe.Postcentral Gyrus.White Matter.*"": 0.14][""Left Cerebrum.Parietal Lobe.Superior Parietal Lobule.Gray Matter.Brodmann area 7"": 0.14][""Left Cerebrum.Parietal Lobe.Sub-Gyral.White Matter.*"": 0.11]"
63,199, (47.9;-44.5;45.6),"[""Frontoparietal"": 0.54][""DorsalAttention"": 0.25]","[""Control C"": 0.35][""Control B"": 0.33][""None"": 0.18]","[""Right Cerebral Cortex"": 0.93]","[""Supramarginal Gyrus; posterior division"": 0.36][""Angular Gyrus"": 0.34][""Superior Parietal Lobule"": 0.18]","[""GM Inferior parietal lobule PFm R"": 0.40][""GM Inferior parietal lobule Pga R"": 0.12]","[""Parietal Lobe"": 0.99]","[""Right Cerebrum.Parietal Lobe.Inferior Parietal Lobule.White Matter.*"": 0.32][""Right Cerebrum.Parietal Lobe.Inferior Parietal Lobule.Gray Matter.Brodmann area 40"": 0.29][""Right Cerebrum.Parietal Lobe.Supramarginal Gyrus.White Matter.*"": 0.19][""Right Cerebrum.Parietal Lobe.Sub-Gyral.White Matter.*"": 0.12]"
64,140, (27.5;59.3;5.5),"[""Frontoparietal"": 0.71][""Default"": 0.22]","[""Control C"": 0.70][""Default A"": 0.12][""None"": 0.11]","[""Right Cerebral Cortex"": 0.88][""Right Cerebral White Matter"": 0.12]","[""Frontal Pole"": 1.00]","[""None"": 1.00]","[""Frontal Lobe"": 0.98]","[""Right Cerebrum.Frontal Lobe.Superior Frontal Gyrus.White Matter.*"": 0.41][""Right Cerebrum.Frontal Lobe.Middle Frontal Gyrus.White Matter.*"": 0.24][""Right Cerebrum.Frontal Lobe.Superior Frontal Gyrus.Gray Matter.Brodmann area 10"": 0.17]"
65,162, (-25.1;16.7;54.8),"[""Default"": 0.52][""None"": 0.24][""Frontoparietal"": 0.19]","[""None"": 0.35][""Default A"": 0.20][""Default B"": 0.20][""Control B"": 0.12][""Control C"": 0.12]","[""Left Cerebral Cortex"": 0.83][""Left Cerebral White Matter"": 0.17]","[""Superior Frontal Gyrus"": 0.58][""Middle Frontal Gyrus"": 0.39]","[""None"": 0.91]","[""Frontal Lobe"": 0.98]","[""Left Cerebrum.Frontal Lobe.Middle Frontal Gyrus.White Matter.*"": 0.31][""Left Cerebrum.Frontal Lobe.Superior Frontal Gyrus.White Matter.*"": 0.22][""Left Cerebrum.Frontal Lobe.Middle Frontal Gyrus.Gray Matter.Brodmann area 6"": 0.19]"
66,144, (33.6;-32.2;59.2),"[""Somatomotor"": 0.62][""None"": 0.19][""DorsalAttention"": 0.19]","[""Somatomotor top"": 0.57][""None"": 0.21][""Dorsal attention B"": 0.20]","[""Right Cerebral Cortex"": 0.98]","[""Postcentral Gyrus"": 0.62][""Superior Parietal Lobule"": 0.19][""Precentral Gyrus"": 0.18]","[""GM Primary somatosensory cortex BA2 R"": 0.30][""GM Primary somatosensory cortex BA3b R"": 0.19][""GM Primary motor cortex BA4p R"": 0.11]","[""Parietal Lobe"": 0.62][""None"": 0.22][""Frontal Lobe"": 0.16]","[""Right Cerebrum.Parietal Lobe.Postcentral Gyrus.Gray Matter.Brodmann area 3"": 0.19][""Right Cerebrum.Parietal Lobe.Postcentral Gyrus.White Matter.*"": 0.17][""Right Cerebrum.Parietal Lobe.Sub-Gyral.White Matter.*"": 0.17]"
67,267, (-0.4;-54.1;29.3),"[""Default"": 0.85][""None"": 0.15]","[""Default A"": 0.73][""None"": 0.24]","[""Left Cerebral Cortex"": 0.51][""Right Cerebral Cortex"": 0.27][""Left Cerebral White Matter"": 0.11]","[""Precuneous Cortex"": 0.62][""Cingulate Gyrus; posterior division"": 0.33]","[""None"": 0.76]","[""Parietal Lobe"": 0.95]",
68,170, (-33.3;-71.8;-32.0),"[""None"": 1.00]","[""None"": 1.00]","[""None"": 0.93]","[""None"": 1.00]","[""None"": 1.00]","[""Cerebellum"": 0.95]","[""Left Cerebellum.Posterior Lobe.Tuber.Gray Matter.*"": 0.27][""Left Cerebellum.Posterior Lobe.Pyramis.Gray Matter.*"": 0.25][""Left Cerebellum.Posterior Lobe.Cerebellar Tonsil.Gray Matter.*"": 0.18][""Left Cerebellum.Posterior Lobe.Inferior Semi-Lunar Lobule.Gray Matter.*"": 0.12][""Left Cerebellum.Posterior Lobe.Uvula.Gray Matter.*"": 0.12]"
69,170, (35.7;-79.1;-11.7),"[""Visual"": 0.80][""None"": 0.20]","[""Visual central"": 0.79][""None"": 0.21]","[""Right Cerebral Cortex"": 0.85][""Right Cerebral White Matter"": 0.11]","[""Lateral Occipital Cortex; inferior division"": 0.47][""Occipital Fusiform Gyrus"": 0.34][""None"": 0.12]","[""GM Visual cortex V4 R"": 0.40][""None"": 0.34][""GM Visual cortex V3V R"": 0.25]","[""Occipital Lobe"": 0.84][""Temporal Lobe"": 0.14]","[""Right Cerebellum.Posterior Lobe.Declive.Gray Matter.*"": 0.40][""Right Cerebrum.Occipital Lobe.Inferior Occipital Gyrus.White Matter.*"": 0.12]"
70,138, (-40.6;43.9;-7.8),"[""Default"": 0.44][""Frontoparietal"": 0.40][""None"": 0.14]","[""Default B"": 0.38][""Control C"": 0.28][""None"": 0.21]","[""Left Cerebral Cortex"": 0.90]","[""Frontal Pole"": 0.84]","[""None"": 0.93]","[""Frontal Lobe"": 0.97]","[""Left Cerebrum.Frontal Lobe.Middle Frontal Gyrus.White Matter.*"": 0.40][""Left Cerebrum.Frontal Lobe.Inferior Frontal Gyrus.White Matter.*"": 0.39]"
71,234, (1.6;6.2;62.6),"[""VentralAttention"": 0.42][""None"": 0.32][""Default"": 0.13]","[""Ventral attention"": 0.35][""None"": 0.30][""Salience"": 0.15]","[""Left Cerebral Cortex"": 0.44][""Right Cerebral Cortex"": 0.41]","[""Juxtapositional Lobule Cortex (formerly Supplementary Motor Cortex)"": 0.47][""Superior Frontal Gyrus"": 0.46]","[""GM Premotor cortex BA6 L"": 0.51][""GM Premotor cortex BA6 R"": 0.47]","[""Frontal Lobe"": 0.85][""None"": 0.15]","[""Right Cerebrum.Frontal Lobe.Medial Frontal Gyrus.Gray Matter.Brodmann area 6"": 0.13][""Left Cerebrum.Frontal Lobe.Medial Frontal Gyrus.Gray Matter.Brodmann area 6"": 0.12]"
72,215, (59.3;-27.2;-3.1),"[""Somatomotor"": 0.35][""Default"": 0.35][""None"": 0.18][""Frontoparietal"": 0.12]","[""Default auditory"": 0.39][""None"": 0.18][""Default B"": 0.17][""Control C"": 0.15]","[""Right Cerebral Cortex"": 0.78][""Right Cerebral White Matter"": 0.22]","[""Superior Temporal Gyrus; posterior division"": 0.43][""Middle Temporal Gyrus; posterior division"": 0.37]","[""None"": 0.95]","[""Temporal Lobe"": 0.99]","[""Right Cerebrum.Temporal Lobe.Middle Temporal Gyrus.White Matter.*"": 0.32][""Right Cerebrum.Temporal Lobe.Superior Temporal Gyrus.White Matter.*"": 0.31][""Right Cerebrum.Temporal Lobe.Sub-Gyral.White Matter.*"": 0.12]"
73,219, (0.1;-61.0;53.3),"[""DorsalAttention"": 0.45][""None"": 0.34]","[""Contorl A"": 0.44][""None"": 0.25][""Dorsal attention B"": 0.16][""Dorsal attention A"": 0.11]","[""Left Cerebral Cortex"": 0.51][""Right Cerebral Cortex"": 0.36]","[""Precuneous Cortex"": 0.90]","[""GM Superior parietal lobule 7A L"": 0.32][""GM Superior parietal lobule 7A R"": 0.21][""None"": 0.16][""GM Superior parietal lobule 7P L"": 0.11]","[""Parietal Lobe"": 0.94]","[""Left Cerebrum.Parietal Lobe.Precuneus.Gray Matter.Brodmann area 7"": 0.27][""Right Cerebrum.Parietal Lobe.Precuneus.Gray Matter.Brodmann area 7"": 0.18][""Left Cerebrum.Parietal Lobe.Precuneus.White Matter.*"": 0.15][""Left Cerebrum.Parietal Lobe.Precuneus.*.*"": 0.11]"
74,190, (-52.5;1.4;3.8),"[""Somatomotor"": 0.38][""VentralAttention"": 0.37][""None"": 0.23]","[""Somatomotor down"": 0.37][""None"": 0.27][""Ventral attention"": 0.27]","[""Left Cerebral Cortex"": 0.93]","[""Central Opercular Cortex"": 0.28][""Precentral Gyrus"": 0.18][""Inferior Frontal Gyrus; pars opercularis"": 0.13][""Planum Polare"": 0.12]","[""GM Broca's area BA44 L"": 0.34][""None"": 0.32][""GM Secondary somatosensory cortex / Parietal operculum OP4 L"": 0.19][""GM Primary auditory cortex TE1.2 L"": 0.13]","[""Frontal Lobe"": 0.54][""Temporal Lobe"": 0.37]","[""Left Cerebrum.Temporal Lobe.Superior Temporal Gyrus.White Matter.*"": 0.17][""Left Cerebrum.Frontal Lobe.Precentral Gyrus.White Matter.*"": 0.17][""Left Cerebrum.Temporal Lobe.Superior Temporal Gyrus.Gray Matter.Brodmann area 22"": 0.12]"
75,179, (-37.9;-71.1;37.7),"[""Default"": 0.50][""DorsalAttention"": 0.20][""None"": 0.19]","[""Default A"": 0.40][""None"": 0.25][""Control B"": 0.13]","[""Left Cerebral Cortex"": 0.84][""Left Cerebral White Matter"": 0.16]","[""Lateral Occipital Cortex; superior division"": 0.97]","[""GM Inferior parietal lobule PGp L"": 0.55][""GM Inferior parietal lobule Pga L"": 0.27][""None"": 0.17]","[""Parietal Lobe"": 0.74][""Occipital Lobe"": 0.26]","[""Left Cerebrum.Parietal Lobe.Precuneus.Gray Matter.Brodmann area 19"": 0.17][""Left Cerebrum.Temporal Lobe.Middle Temporal Gyrus.White Matter.*"": 0.15][""Left Cerebrum.Parietal Lobe.Angular Gyrus.White Matter.*"": 0.12]"
76,188, (3.6;54.8;27.7),"[""Default"": 0.83][""None"": 0.17]","[""Default B"": 0.60][""None"": 0.25][""Default A"": 0.14]","[""Right Cerebral Cortex"": 0.54][""Left Cerebral Cortex"": 0.36]","[""Frontal Pole"": 0.57][""Superior Frontal Gyrus"": 0.27][""Paracingulate Gyrus"": 0.13]","[""None"": 1.00]","[""Frontal Lobe"": 0.91]","[""Left Cerebrum.Frontal Lobe.Medial Frontal Gyrus.White Matter.*"": 0.14][""Right Cerebrum.Frontal Lobe.Superior Frontal Gyrus.White Matter.*"": 0.12][""Right Cerebrum.Frontal Lobe.Medial Frontal Gyrus.White Matter.*"": 0.12]"
77,276, (-24.5;-36.9;-17.3),"[""None"": 0.60][""Visual"": 0.30]","[""None"": 0.66][""Default C"": 0.21]","[""Left Cerebral Cortex"": 0.50][""Left Cerebral White Matter"": 0.16][""None"": 0.15]","[""None"": 0.40][""Parahippocampal Gyrus; posterior division"": 0.25][""Temporal Fusiform Cortex; posterior division"": 0.19]","[""None"": 0.59][""GM Hippocampus cornu ammonis L"": 0.15][""GM Hippocampus subiculum L"": 0.14]","[""Temporal Lobe"": 0.38][""Cerebellum"": 0.29][""None"": 0.24]","[""Left Cerebellum.Anterior Lobe.Culmen.Gray Matter.*"": 0.35][""Left Cerebrum.Limbic Lobe.Parahippocampal Gyrus.White Matter.*"": 0.19]"
78,220, (2.9;-84.1;11.5),"[""Visual"": 0.90]","[""Visual central"": 0.87][""None"": 0.13]","[""Right Cerebral Cortex"": 0.45][""Left Cerebral Cortex"": 0.43]","[""Intracalcarine Cortex"": 0.34][""Occipital Pole"": 0.29][""Cuneal Cortex"": 0.15][""Lingual Gyrus"": 0.11]","[""GM Visual cortex V1 BA17 L"": 0.33][""GM Visual cortex V1 BA17 R"": 0.28][""GM Visual cortex V2 BA18 R"": 0.25][""GM Visual cortex V2 BA18 L"": 0.12]","[""Occipital Lobe"": 1.00]","[""Right Cerebrum.Occipital Lobe.Cuneus.White Matter.*"": 0.15]"
79,211, (54.6;1.8;1.4),"[""Somatomotor"": 0.43][""VentralAttention"": 0.32][""None"": 0.21]","[""Somatomotor down"": 0.38][""None"": 0.26][""Ventral attention"": 0.24]","[""Right Cerebral Cortex"": 0.90]","[""Central Opercular Cortex"": 0.22][""Planum Polare"": 0.16][""Inferior Frontal Gyrus; pars opercularis"": 0.11][""Precentral Gyrus"": 0.11][""Temporal Pole"": 0.11]","[""None"": 0.52][""GM Broca's area BA44 R"": 0.19][""GM Secondary somatosensory cortex / Parietal operculum OP4 R"": 0.14]","[""Temporal Lobe"": 0.49][""Frontal Lobe"": 0.43]","[""Right Cerebrum.Temporal Lobe.Superior Temporal Gyrus.White Matter.*"": 0.19][""Right Cerebrum.Frontal Lobe.Precentral Gyrus.White Matter.*"": 0.14]"
80,169, (29.4;-61.9;51.8),"[""DorsalAttention"": 0.73][""None"": 0.13][""Frontoparietal"": 0.13]","[""Dorsal attention A"": 0.66][""Control B"": 0.19][""None"": 0.12]","[""Right Cerebral Cortex"": 0.91]","[""Lateral Occipital Cortex; superior division"": 0.74][""Superior Parietal Lobule"": 0.23]","[""GM Superior parietal lobule 7A R"": 0.35][""None"": 0.20][""GM Superior parietal lobule 7P R"": 0.15][""GM Anterior intra-parietal sulcus hIP3 R"": 0.14]","[""Parietal Lobe"": 1.00]","[""Right Cerebrum.Parietal Lobe.Precuneus.White Matter.*"": 0.30][""Right Cerebrum.Parietal Lobe.Superior Parietal Lobule.Gray Matter.Brodmann area 7"": 0.24][""Right Cerebrum.Parietal Lobe.Superior Parietal Lobule.White Matter.*"": 0.16][""Right Cerebrum.Parietal Lobe.Precuneus.Gray Matter.Brodmann area 7"": 0.13]"
81,171, (-0.8;7.1;-8.1),"[""None"": 0.94]","[""None"": 0.94]","[""Left Cerebral Cortex"": 0.21][""Left Cerebral White Matter"": 0.19][""Right Cerebral White Matter"": 0.16][""Right Cerebral Cortex"": 0.16][""None"": 0.13]","[""None"": 0.74][""Subcallosal Cortex"": 0.26]","[""None"": 0.79][""WM Callosal body"": 0.12]","[""None"": 0.61][""Caudate"": 0.28]","[""Left Cerebrum.Sub-lobar.Extra-Nuclear.White Matter.*"": 0.21][""Right Cerebrum.Sub-lobar.Extra-Nuclear.White Matter.*"": 0.14][""Left Cerebrum.Sub-lobar.Caudate.Gray Matter.Caudate Head"": 0.13]"
82,144, (50.3;-66.4;4.7),"[""Visual"": 0.60][""DorsalAttention"": 0.31]","[""Dorsal attention A"": 0.52][""Visual central"": 0.26][""None"": 0.15]","[""Right Cerebral Cortex"": 0.94]","[""Lateral Occipital Cortex; inferior division"": 0.72][""Middle Temporal Gyrus; temporooccipital part"": 0.14][""Lateral Occipital Cortex; superior division"": 0.14]","[""None"": 0.60][""GM Visual cortex V5 R"": 0.24][""GM Inferior parietal lobule PGp R"": 0.16]","[""Occipital Lobe"": 0.55][""Temporal Lobe"": 0.21][""Parietal Lobe"": 0.16]","[""Right Cerebrum.Temporal Lobe.Middle Temporal Gyrus.White Matter.*"": 0.24][""Right Cerebrum.Occipital Lobe.Middle Occipital Gyrus.White Matter.*"": 0.16][""Right Cerebrum.Temporal Lobe.Sub-Gyral.White Matter.*"": 0.15]"
83,192, (48.1;-16.6;47.1),"[""Somatomotor"": 0.60][""None"": 0.23][""DorsalAttention"": 0.14]","[""Somatomotor top"": 0.34][""None"": 0.26][""Somatomotor down"": 0.19][""Dorsal attention B"": 0.18]","[""Right Cerebral Cortex"": 0.90]","[""Postcentral Gyrus"": 0.49][""Precentral Gyrus"": 0.39][""Supramarginal Gyrus; anterior division"": 0.11]","[""GM Primary somatosensory cortex BA1 R"": 0.18][""GM Premotor cortex BA6 R"": 0.18][""GM Primary somatosensory cortex BA3b R"": 0.15][""GM Inferior parietal lobule PFt R"": 0.14][""GM Primary somatosensory cortex BA2 R"": 0.14]","[""Frontal Lobe"": 0.50][""Parietal Lobe"": 0.44]","[""Right Cerebrum.Frontal Lobe.Precentral Gyrus.White Matter.*"": 0.26][""Right Cerebrum.Parietal Lobe.Postcentral Gyrus.White Matter.*"": 0.23][""Right Cerebrum.Parietal Lobe.Postcentral Gyrus.Gray Matter.Brodmann area 3"": 0.14]"
84,138, (-23.4;-62.9;54.8),"[""DorsalAttention"": 0.80][""None"": 0.12]","[""Dorsal attention A"": 0.53][""None"": 0.22][""Dorsal attention B"": 0.12]","[""Left Cerebral Cortex"": 0.91]","[""Lateral Occipital Cortex; superior division"": 0.78][""Superior Parietal Lobule"": 0.22]","[""GM Superior parietal lobule 7A L"": 0.69]","[""Parietal Lobe"": 1.00]","[""Left Cerebrum.Parietal Lobe.Superior Parietal Lobule.Gray Matter.Brodmann area 7"": 0.29][""Left Cerebrum.Parietal Lobe.Precuneus.White Matter.*"": 0.22][""Left Cerebrum.Parietal Lobe.Superior Parietal Lobule.White Matter.*"": 0.19][""Left Cerebrum.Parietal Lobe.Precuneus.Gray Matter.Brodmann area 7"": 0.17]"
85,127, (46.0;42.8;-2.4),"[""Frontoparietal"": 0.57][""None"": 0.22][""Default"": 0.18]","[""None"": 0.31][""Control C"": 0.24][""Salience"": 0.22][""Default B"": 0.14]","[""Right Cerebral Cortex"": 0.89][""Right Cerebral White Matter"": 0.11]","[""Frontal Pole"": 0.87]","[""None"": 0.82][""GM Broca's area BA45 R"": 0.18]","[""Frontal Lobe"": 0.99]","[""Right Cerebrum.Frontal Lobe.Inferior Frontal Gyrus.White Matter.*"": 0.45][""Right Cerebrum.Frontal Lobe.Middle Frontal Gyrus.White Matter.*"": 0.27][""Right Cerebrum.Frontal Lobe.Sub-Gyral.White Matter.*"": 0.11]"
86,166, (57.1;-10.6;-19.2),"[""Default"": 0.74][""None"": 0.14]","[""Default A"": 0.31][""None"": 0.24][""Default B"": 0.23][""Control C"": 0.11]","[""Right Cerebral Cortex"": 0.77][""Right Cerebral White Matter"": 0.23]","[""Middle Temporal Gyrus; posterior division"": 0.41][""Middle Temporal Gyrus; anterior division"": 0.23]","[""None"": 0.99]","[""Temporal Lobe"": 1.00]","[""Right Cerebrum.Temporal Lobe.Middle Temporal Gyrus.White Matter.*"": 0.30][""Right Cerebrum.Temporal Lobe.Sub-Gyral.White Matter.*"": 0.21][""Right Cerebrum.Temporal Lobe.Middle Temporal Gyrus.Gray Matter.Brodmann area 21"": 0.12][""Right Cerebrum.Temporal Lobe.Inferior Temporal Gyrus.White Matter.*"": 0.11]"
87,181, (0.2;-53.8;-35.8),"[""None"": 1.00]","[""None"": 1.00]","[""None"": 0.81][""Brain-Stem"": 0.19]","[""None"": 1.00]","[""None"": 1.00]","[""Cerebellum"": 0.98]","[""Left Cerebellum.Posterior Lobe.Cerebellar Tonsil.Gray Matter.*"": 0.18][""Right Cerebellum.Posterior Lobe.Cerebellar Tonsil.Gray Matter.*"": 0.14][""Left Cerebellum.Anterior Lobe.Nodule.Gray Matter.*"": 0.11]"
88,189, (56.3;-48.1;14.6),"[""Default"": 0.35][""None"": 0.28][""VentralAttention"": 0.20]","[""Default auditory"": 0.41][""None"": 0.27][""Default A"": 0.24]","[""Right Cerebral Cortex"": 0.88][""Right Cerebral White Matter"": 0.12]","[""Angular Gyrus"": 0.35][""Middle Temporal Gyrus; temporooccipital part"": 0.31][""Supramarginal Gyrus; posterior division"": 0.20]","[""None"": 0.48][""GM Inferior parietal lobule Pga R"": 0.29][""GM Inferior parietal lobule PFm R"": 0.13]","[""Parietal Lobe"": 0.52][""Temporal Lobe"": 0.46]","[""Right Cerebrum.Temporal Lobe.Superior Temporal Gyrus.White Matter.*"": 0.48][""Right Cerebrum.Temporal Lobe.Middle Temporal Gyrus.White Matter.*"": 0.17]"
89,152, (59.3;-7.0;25.7),"[""Somatomotor"": 0.68][""None"": 0.20]","[""Somatomotor down"": 0.62][""None"": 0.21][""Dorsal attention B"": 0.13]","[""Right Cerebral Cortex"": 0.82][""Right Cerebral White Matter"": 0.18]","[""Postcentral Gyrus"": 0.45][""Precentral Gyrus"": 0.39][""Central Opercular Cortex"": 0.11]","[""GM Secondary somatosensory cortex / Parietal operculum OP4 R"": 0.20][""GM Primary somatosensory cortex BA3b R"": 0.19][""GM Premotor cortex BA6 R"": 0.14][""GM Primary somatosensory cortex BA1 R"": 0.11]","[""Parietal Lobe"": 0.53][""Frontal Lobe"": 0.40]","[""Right Cerebrum.Frontal Lobe.Precentral Gyrus.White Matter.*"": 0.36][""Right Cerebrum.Parietal Lobe.Postcentral Gyrus.White Matter.*"": 0.29][""Right Cerebrum.Frontal Lobe.Precentral Gyrus.Gray Matter.Brodmann area 6"": 0.12]"
90,196, (2.4;-23.6;-14.1),"[""None"": 0.99]","[""None"": 1.00]","[""Brain-Stem"": 0.62][""None"": 0.34]","[""None"": 0.99]","[""None"": 0.82]","[""None"": 0.92]","[""Right Brainstem.Midbrain.*.*.*"": 0.40][""Left Brainstem.Midbrain.*.*.*"": 0.38]"
91,193, (-34.2;-6.6;2.3),"[""None"": 0.56][""VentralAttention"": 0.35]","[""None"": 0.57][""Ventral attention"": 0.33]","[""Left Cerebral Cortex"": 0.45][""Left Putamen"": 0.27][""Left Cerebral White Matter"": 0.26]","[""None"": 0.46][""Insular Cortex"": 0.38]","[""None"": 0.60]","[""Insula"": 0.37][""Putamen"": 0.37][""Temporal Lobe"": 0.11]","[""Left Cerebrum.Sub-lobar.Extra-Nuclear.White Matter.*"": 0.30][""Left Cerebrum.Sub-lobar.Insula.White Matter.*"": 0.24][""Left Cerebrum.Sub-lobar.Lentiform Nucleus.Gray Matter.Putamen"": 0.21][""Left Cerebrum.Sub-lobar.Insula.Gray Matter.Brodmann area 13"": 0.13]"
92,121, (14.9;12.8;5.3),"[""None"": 1.00]","[""None"": 1.00]","[""Right Caudate"": 0.47][""Right Cerebral White Matter"": 0.28][""Right Putamen"": 0.17]","[""None"": 0.98]","[""None"": 0.81][""WM Callosal body"": 0.19]","[""Caudate"": 0.68][""Putamen"": 0.26]","[""Right Cerebrum.Sub-lobar.Caudate.Gray Matter.Caudate Body"": 0.27][""Right Cerebrum.Sub-lobar.Extra-Nuclear.White Matter.*"": 0.19][""Right Cerebrum.Sub-lobar.Lateral Ventricle.Cerebro-Spinal Fluid.*"": 0.18][""Right Cerebrum.Sub-lobar.Caudate.Gray Matter.Caudate Head"": 0.17][""Right Cerebrum.Sub-lobar.Lentiform Nucleus.Gray Matter.Putamen"": 0.12]"
93,211, (20.5;-60.3;-10.9),"[""Visual"": 0.71][""None"": 0.29]","[""Visual central"": 0.65][""None"": 0.35]","[""Right Cerebral Cortex"": 0.77][""None"": 0.14]","[""Lingual Gyrus"": 0.52][""Temporal Occipital Fusiform Cortex"": 0.19][""None"": 0.16][""Occipital Fusiform Gyrus"": 0.14]","[""None"": 0.58][""GM Visual cortex V3V R"": 0.13][""GM Visual cortex V2 BA18 R"": 0.12]","[""Occipital Lobe"": 0.64][""Cerebellum"": 0.27]","[""Right Cerebellum.Anterior Lobe.Culmen.Gray Matter.*"": 0.36][""Right Cerebellum.Posterior Lobe.Declive.Gray Matter.*"": 0.35]"
94,196, (-44.3;-21.9;49.6),"[""Somatomotor"": 0.64][""None"": 0.21][""DorsalAttention"": 0.15]","[""Somatomotor top"": 0.43][""None"": 0.26][""Dorsal attention B"": 0.17][""Somatomotor down"": 0.13]","[""Left Cerebral Cortex"": 0.90]","[""Postcentral Gyrus"": 0.64][""Precentral Gyrus"": 0.32]","[""GM Primary somatosensory cortex BA2 L"": 0.25][""GM Primary somatosensory cortex BA1 L"": 0.21][""GM Premotor cortex BA6 L"": 0.15][""GM Primary somatosensory cortex BA3b L"": 0.12]","[""Frontal Lobe"": 0.54][""Parietal Lobe"": 0.40]","[""Left Cerebrum.Parietal Lobe.Postcentral Gyrus.White Matter.*"": 0.30][""Left Cerebrum.Parietal Lobe.Postcentral Gyrus.Gray Matter.Brodmann area 3"": 0.15][""Left Cerebrum.Frontal Lobe.Precentral Gyrus.Gray Matter.Brodmann area 4"": 0.12][""Left Cerebrum.Parietal Lobe.Inferior Parietal Lobule.Gray Matter.Brodmann area 40"": 0.11]"
95,86, (-41.9;2.4;48.5),"[""None"": 0.37][""DorsalAttention"": 0.24][""Default"": 0.22]","[""None"": 0.33][""Dorsal attention B"": 0.28][""Default B"": 0.24]","[""Left Cerebral Cortex"": 0.81][""Left Cerebral White Matter"": 0.19]","[""Middle Frontal Gyrus"": 0.52][""Precentral Gyrus"": 0.47]","[""GM Premotor cortex BA6 L"": 0.49][""None"": 0.45]","[""Frontal Lobe"": 0.99]","[""Left Cerebrum.Frontal Lobe.Middle Frontal Gyrus.White Matter.*"": 0.34][""Left Cerebrum.Frontal Lobe.Precentral Gyrus.White Matter.*"": 0.28][""Left Cerebrum.Frontal Lobe.Middle Frontal Gyrus.Gray Matter.Brodmann area 6"": 0.17][""Left Cerebrum.Frontal Lobe.Precentral Gyrus.Gray Matter.Brodmann area 6"": 0.16]"
96,160, (13.9;-90.3;-5.9),"[""Visual"": 0.86][""None"": 0.14]","[""Visual central"": 0.83][""None"": 0.17]","[""Right Cerebral Cortex"": 0.89]","[""Occipital Pole"": 0.57][""Lingual Gyrus"": 0.28]","[""GM Visual cortex V1 BA17 R"": 0.49][""GM Visual cortex V2 BA18 R"": 0.33][""None"": 0.12]","[""Occipital Lobe"": 0.99]","[""Right Cerebrum.Occipital Lobe.Lingual Gyrus.White Matter.*"": 0.37][""Right Cerebellum.Posterior Lobe.Declive.Gray Matter.*"": 0.14][""Right Cerebrum.Occipital Lobe.Lingual Gyrus.Gray Matter.Brodmann area 18"": 0.14]"
97,114, (33.3;-1.5;-34.9),"[""Limbic"": 0.72][""None"": 0.28]","[""Limbic frontal"": 0.72][""None"": 0.28]","[""Right Cerebral Cortex"": 0.67][""Right Cerebral White Matter"": 0.26]","[""None"": 0.22][""Temporal Pole"": 0.20][""Parahippocampal Gyrus; anterior division"": 0.19][""Temporal Fusiform Cortex; anterior division"": 0.19][""Temporal Fusiform Cortex; posterior division"": 0.11]","[""None"": 0.47][""GM Hippocampus entorhinal cortex R"": 0.30][""GM Amygdala_laterobasal group R"": 0.18]","[""Temporal Lobe"": 1.00]","[""Right Cerebrum.Limbic Lobe.Uncus.White Matter.*"": 0.27][""Right Cerebrum.Temporal Lobe.Sub-Gyral.White Matter.*"": 0.18][""Right Cerebrum.Temporal Lobe.Superior Temporal Gyrus.White Matter.*"": 0.13]"
98,153, (-44.9;-75.8;0.1),"[""Visual"": 0.73][""None"": 0.14][""DorsalAttention"": 0.13]","[""Visual central"": 0.57][""None"": 0.22][""Dorsal attention A"": 0.20]","[""Left Cerebral Cortex"": 0.97]","[""Lateral Occipital Cortex; inferior division"": 0.92]","[""None"": 0.69][""GM Visual cortex V5 L"": 0.19]","[""Occipital Lobe"": 0.96]","[""Left Cerebrum.Occipital Lobe.Middle Occipital Gyrus.White Matter.*"": 0.37]"
99,182, (-28.2;-74.0;-14.8),"[""Visual"": 0.68][""None"": 0.32]","[""Visual central"": 0.68][""None"": 0.32]","[""Left Cerebral Cortex"": 0.82][""Left Cerebral White Matter"": 0.12]","[""Occipital Fusiform Gyrus"": 0.59][""None"": 0.15]","[""None"": 0.52][""GM Visual cortex V4 L"": 0.43]","[""Occipital Lobe"": 0.81]","[""Left Cerebellum.Posterior Lobe.Declive.Gray Matter.*"": 0.66]"
100,148, (-28.2;33.6;40.4),"[""Default"": 0.36][""Frontoparietal"": 0.23][""None"": 0.20][""VentralAttention"": 0.20]","[""Salience"": 0.39][""Default A"": 0.28][""None"": 0.20][""Control C"": 0.13]","[""Left Cerebral Cortex"": 0.93]","[""Middle Frontal Gyrus"": 0.47][""Frontal Pole"": 0.28][""Superior Frontal Gyrus"": 0.22]","[""None"": 0.99]","[""Frontal Lobe"": 0.99]","[""Left Cerebrum.Frontal Lobe.Middle Frontal Gyrus.White Matter.*"": 0.28][""Left Cerebrum.Frontal Lobe.Middle Frontal Gyrus.Gray Matter.Brodmann area 8"": 0.22][""Left Cerebrum.Frontal Lobe.Superior Frontal Gyrus.Gray Matter.Brodmann area 8"": 0.16][""Left Cerebrum.Frontal Lobe.Superior Frontal Gyrus.White Matter.*"": 0.13]"
